{
    "batchName": "",
    "batchTime": 1692861441,
    "boardConf": "nIR-C00M00-00",
    "boardCustom": "",
    "boardName": "DM9095",
    "boardOptions": 0,
    "boardRev": "R3M2E4",
    "cameraData": [
        [
            2,
            {
                "cameraType": 0,
                "distortionCoeff": [
                    -8.425745964050293,
                    22.443326950073242,
                    0.0018255730392411351,
                    -0.00019740407878998667,
                    -13.339553833007813,
                    -8.428815841674805,
                    22.461153030395508,
                    -13.370655059814453,
                    0.0,
                    0.0,
                    0.0,
                    0.0,
                    0.0,
                    0.0
                ],
                "extrinsics": {
                    "rotationMatrix": [
                        [
                            0.999897837638855,
                            0.013100417330861092,
                            -0.005722093861550093
                        ],
                        [
                            -0.013095389120280743,
                            0.9999138116836548,
                            0.0009153821738436818
                        ],
                        [
                            0.005733592435717583,
                            -0.0008403555839322507,
                            0.9999831914901733
                        ]
                    ],
                    "specTranslation": {
                        "x": 3.75,
                        "y": 0.0,
                        "z": 0.0
                    },
                    "toCameraSocket": 0,
                    "translation": {
                        "x": 3.7034478187561035,
                        "y": -0.04592641443014145,
                        "z": -0.19114749133586884
                    }
                },
                "height": 480,
                "intrinsicMatrix": [
                    [
                        454.0228576660156,
                        0.0,
                        305.2855224609375
                    ],
                    [
                        0.0,
                        454.0163879394531,
                        228.67990112304688
                    ],
                    [
                        0.0,
                        0.0,
                        1.0
                    ]
                ],
                "lensPosition": 0,
                "specHfovDeg": 72.9000015258789,
                "width": 640
            }
        ],
        [
            1,
            {
                "cameraType": 0,
                "distortionCoeff": [
                    -6.0226240158081055,
                    11.540379524230957,
                    3.0429857361014e-05,
                    0.0012008296325802803,
                    -5.511290550231934,
                    -6.024413585662842,
                    11.549620628356934,
                    -5.522474765777588,
                    0.0,
                    0.0,
                    0.0,
                    0.0,
                    0.0,
                    0.0
                ],
                "extrinsics": {
                    "rotationMatrix": [
                        [
                            0.9999516010284424,
                            -0.009416860528290272,
                            0.002853231504559517
                        ],
                        [
                            0.00940638780593872,
                            0.999949038028717,
                            0.0036619820166379213
                        ],
                        [
                            -0.002887570532038808,
                            -0.0036349662113934755,
                            0.9999892115592957
                        ]
                    ],
                    "specTranslation": {
                        "x": -7.5,
                        "y": 0.0,
                        "z": 0.0
                    },
                    "toCameraSocket": 2,
                    "translation": {
                        "x": -7.503715991973877,
                        "y": -0.07379605621099472,
                        "z": 0.11219988763332367
                    }
                },
                "height": 480,
                "intrinsicMatrix": [
                    [
                        453.79315185546875,
                        0.0,
                        327.8521728515625
                    ],
                    [
                        0.0,
                        453.7442626953125,
                        239.9373016357422
                    ],
                    [
                        0.0,
                        0.0,
                        1.0
                    ]
                ],
                "lensPosition": 0,
                "specHfovDeg": 72.9000015258789,
                "width": 640
            }
        ],
        [
            0,
            {
                "cameraType": 0,
                "distortionCoeff": [
                    50.10078811645508,
                    13.990181922912598,
                    0.0007200458203442395,
                    0.0016770174261182547,
                    299.9053649902344,
                    50.254669189453125,
                    6.256449222564697,
                    311.03619384765625,
                    0.0,
                    0.0,
                    0.0,
                    0.0,
                    0.0,
                    0.0
                ],
                "extrinsics": {
                    "rotationMatrix": [
                        [
                            0.0,
                            0.0,
                            0.0
                        ],
                        [
                            0.0,
                            0.0,
                            0.0
                        ],
                        [
                            0.0,
                            0.0,
                            0.0
                        ]
                    ],
                    "specTranslation": {
                        "x": -0.0,
                        "y": -0.0,
                        "z": -0.0
                    },
                    "toCameraSocket": -1,
                    "translation": {
                        "x": 0.0,
                        "y": 0.0,
                        "z": 0.0
                    }
                },
                "height": 2160,
                "intrinsicMatrix": [
                    [
                        2970.058349609375,
                        0.0,
                        1939.3402099609375
                    ],
                    [
                        0.0,
                        2969.634521484375,
                        1088.62548828125
                    ],
                    [
                        0.0,
                        0.0,
                        1.0
                    ]
                ],
                "lensPosition": 0,
                "specHfovDeg": 68.7938003540039,
                "width": 3840
            }
        ]
    ],
    "deviceName": "",
    "hardwareConf": "F1-FV00-BC000",
    "housingExtrinsics": {
        "rotationMatrix": [],
        "specTranslation": {
            "x": 0.0,
            "y": 0.0,
            "z": 0.0
        },
        "toCameraSocket": -1,
        "translation": {
            "x": 0.0,
            "y": 0.0,
            "z": 0.0
        }
    },
    "imuExtrinsics": {
        "rotationMatrix": [
            [
                0.0,
                0.0,
                0.0
            ],
            [
                0.0,
                0.0,
                0.0
            ],
            [
                0.0,
                0.0,
                0.0
            ]
        ],
        "specTranslation": {
            "x": 0.0,